Cell.bc,var,N.umi,Prop.con,Side,bclength
GTTAGACGTTGGACTT-1,TCCATCTACTATCGGTAGCTACTACTATCGGTAGCTACTACCG,1:1:1:1:1:1:1:1:1:1:1:1:1:1:1:1:1:1:1:1:1:1:1:1,1:1:1:1:1:1:1:1:1:1:1:1:1:1:1:1:1:1:1:1:1:1:1:1,B,43
TGACTCCAGCGCCTCA-1,TCCAGTCTACTATCGTTACGACGCTACTACCG,1:1:1:1:1:1:1:1:1:1:1:1:1:1:1:1:1:1:1:1:1:1:1:1:1:1:1:1,1:1:1:1:1:1:1:1:1:1:1:1:1:1:1:1:1:1:1:1:1:1:1:1:1:1:1:1,B,32
CCTAAGACAATGACCT-1,TCCAGTCTATCGTTACGACTAGCTACTACCG,1:1:1:1:1:1:1:1:1:1:1:1:1:1:1:1:1:1:1:1:1:1:1:1:1:1:1:1,1:1:1:1:1:1:1:1:1:1:1:1:1:1:1:1:1:1:1:1:1:1:1:1:1:1:1:1,B,31
AACCCAAAGTATGGCG-1,TCCACTCCCACTGTCCTTTCCTAATAAA,1:1:1:1:1:1:1:1:1:1:1:1:1:1:1:1:1:1:1:1:1:1:1:1:1:1:1:1,1:1:1:1:1:1:1:1:1:1:1:1:1:1:1:1:1:1:1:1:1:1:1:1:1:1:1:1,L,28
CACTGAACAAGCCTGC-1,TCCAGTACACTCGTTACGGTATCTACTA,1:1:1:1:1:1:1:1:1:1:1:1:1:1:1:1:1:1:1:1:1:1:1:1:1:1:1:1,1:1:1:1:1:1:1:1:1:1:1:1:1:1:1:1:1:1:1:1:1:1:1:1:1:1:1:1,L,28
CAGTTAGCACTATGTG-1,TCCAGTACTATCGTTACGACGTAGCTAC,1:1:1:1:1:1:1:1:1:1:1:1:1:1:1:1:1:1:1:1:1:1:1:1:1:1:1:1,1:1:1:1:1:1:1:1:1:1:1:1:1:1:1:1:1:1:1:1:1:1:1:1:1:1:1:1,L,28
CGCAGGTAGCCTCAAT-1,TCCAGTACTATCGTTACGACTACTACCG,1:1:1:1:1:1:1:1:1:1:1:1:1:1:1:1:1:1:1:1:1:1:1:1:1:1:1:1,1:1:1:1:1:1:1:1:1:1:1:1:1:1:1:1:1:1:1:1:1:1:1:1:1:1:1:1,B,28
GTTCATTAGAGCCGAT-1,TCCAGTCGTTACGACGTAGCTACTACCG,1:1:1:1:1:1:1:1:1:1:1:1:1:1:1:1:1:1:1:1:1:1:1:1:1:1:1:1,1:1:1:1:1:1:1:1:1:1:1:1:1:1:1:1:1:1:1:1:1:1:1:1:1:1:1:1,B,28
TAACTTCGTTCTCCAC-1,TCCAGTCTACTATCGTTAAAATGAGGAA,1:1:1:1:1:1:1:1:1:1:1:1:1:1:1:1:1:1:1:1:1:1:1:1:1:1:1:1,1:1:1:1:1:1:1:1:1:1:1:1:1:1:1:1:1:1:1:1:1:1:1:1:1:1:1:1,L,28
TGATCAGTCAGCCTCT-1,TCCAGTACTATCGTTACGAGCTACTACC,1:1:1:1:1:1:1:1:1:1:1:1:1:1:1:1:1:1:1:1:1:1:1:1:1:1:1:1,1:1:1:1:1:1:1:1:1:1:1:1:1:1:1:1:1:1:1:1:1:1:1:1:1:1:1:1,L,28
AGCGCCACACTAGGTT-1,ATCTACTATCGATACGACGCTACTACCG,1:1:1:1:1:1:1:1:1:1:1:1:1:1:1:1:1:1:1:1:1:1:1:1:1:1:1:1,1:1:1:1:1:1:1:1:1:1:1:1:1:1:1:1:1:1:1:1:1:1:1:1:1:1:1:1,R,28
AGGAGGTTCCCGTTGT-1,CAGTCTACTATCGTTACGACTACTACCG,1:1:1:1:1:1:1:1:1:1:1:1:1:1:1:1:1:1:1:1:1:1:1:1:1:1:1:1,1:1:1:1:1:1:1:1:1:1:1:1:1:1:1:1:1:1:1:1:1:1:1:1:1:1:1:1,R,28
CACTGTCGTGTTGATC-1,CAGTACTATCGTTACGACGCTACTACCG,1:1:1:1:1:1:1:1:1:1:1:1:1:1:1:1:1:1:1:1:1:1:1:1:1:1:1:1,1:1:1:1:1:1:1:1:1:1:1:1:1:1:1:1:1:1:1:1:1:1:1:1:1:1:1:1,R,28
GTTACGAGTCTCAGAT-1,CTCTACTATCGTTACGACGCTACTACCG,1:1:1:1:1:1:1:1:1:1:1:1:1:1:1:1:1:1:1:1:1:1:1:1:1:1:1:1,1:1:1:1:1:1:1:1:1:1:1:1:1:1:1:1:1:1:1:1:1:1:1:1:1:1:1:1,R,28
TCAGGTACAAAGGCAC-1,CTCTACGATCGTTACGACGCTACTACCG,1:1:1:1:1:1:2:2:2:2:2:2:2:2:2:2:2:2:2:2:2:2:2:2:2:2:2:2,1:1:1:1:1:1:0.5:1:1:1:1:1:1:1:1:1:1:1:1:1:1:1:1:1:1:1:1:1,R,28
TCTTAGTTCATTCGTT-1,CCTAGTTACGACGAGGTAGCTACTACCG,2:2:2:2:2:2:2:2:2:2:2:2:2:2:2:2:2:2:2:2:2:2:2:2:2:2:2:2,1:1:1:1:1:1:1:1:1:1:1:1:1:1:1:1:1:1:1:1:1:1:1:1:1:1:1:1,R,28
TGCACGGGTCCACACG-1,CTCTACTATCGTTACGACGCTACTACCG,1:1:1:1:1:1:1:1:1:1:1:1:1:1:1:1:1:1:1:1:1:1:1:1:1:1:1:1,1:1:1:1:1:1:1:1:1:1:1:1:1:1:1:1:1:1:1:1:1:1:1:1:1:1:1:1,R,28
TTCAGGAGTATGCTAC-1,GTCTACTATCGTTACGACGCTACTACCG,1:1:1:1:1:1:1:1:1:1:1:1:1:1:1:1:1:1:1:1:1:1:1:1:1:1:1:1,1:1:1:1:1:1:1:1:1:1:1:1:1:1:1:1:1:1:1:1:1:1:1:1:1:1:1:1,R,28
CATACTTGTCCCACGA-1,TCCAGACTATCGTTACGCTACTACCG,1:1:1:1:1:1:1:1:1:1:1:1:1:1:1:1:1:1:1:1:1:1:1:1:1:1:1:1,1:1:1:1:1:1:1:1:1:1:1:1:1:1:1:1:1:1:1:1:1:1:1:1:1:1:1:1,B,26
CACGAATTCATGAGTC-1,TCCAGACTATCGTTACGCTACTACCG,1:1:1:1:1:1:1:1:1:1:1:1:1:1:1:1:1:1:1:1:1:1:1:1:1:1:1:1,1:1:1:1:1:1:1:1:1:1:1:1:1:1:1:1:1:1:1:1:1:1:1:1:1:1:1:1,B,26
CATACTTGTCCCACGA-1,TCCAGACTATCGTTACGCTACTACCG,1:1:1:1:1:1:1:1:1:1:1:1:1:1:1:1:1:1:1:1:1:1:1:1:1:1:1:1,1:1:1:1:1:1:1:1:1:1:1:1:1:1:1:1:1:1:1:1:1:1:1:1:1:1:1:1,B,26
GTTGCTCAGGCGAAGG-1,TCCACTATCGTTACGAGCTACGACCG,1:1:1:1:1:1:1:1:1:1:1:1:1:1:1:1:1:1:1:1:1:1:1:1:1:1:1:1,1:1:1:1:1:1:1:1:1:1:1:1:1:1:1:1:1:1:1:1:1:1:1:1:1:1:1:1,B,26
GTGGTTATCGCAAGAG-1,TCCAGTAGCGTTACGACTACTACCG,1:1:1:1:1:1:1:1:1:1:1:1:1:1:1:1:1:1:1:1:1:1:1:1:1:1:1:1,1:1:1:1:1:1:1:1:1:1:1:1:1:1:1:1:1:1:1:1:1:1:1:1:1:1:1:1,B,25
CCTTTGGGTCCGATCG-1,TCCAGTCGTTACGAGCTACTACCG,1:1:1:1:1:1:1:1:1:1:1:1:1:1:1:1:1:1:1:1:1:1:1:1:1:1:1:1,1:1:1:1:1:1:1:1:1:1:1:1:1:1:1:1:1:1:1:1:1:1:1:1:1:1:1:1,B,24
ACCTGAAAGTGTACAA-1,TCCACTACTATCGTCTACTACCG,1:1:1:1:1:1:1:1:1:1:1:1:1:1:1:1:1:1:1:1:1:1:1:1:1:1:1:1,1:1:1:1:1:1:1:1:1:1:1:1:1:1:1:1:1:1:1:1:1:1:1:1:1:1:1:1,B,23
AGACCCGTCGGTAACT-1,TCCAGCTACTATCGTTACGACGC,1:1:1:1:1:1:1:1:1:1:1:1:1:1:1:1:1:1:1:1:1:1:1,1:1:1:1:1:1:1:1:1:1:1:1:1:1:1:1:1:1:1:1:1:1:1,L,23
AGGGCCTGTTGCCGAC-1,TCCAGTAGCTATCGTTACTACCG,1:1:1:1:1:1:1:1:1:1:1:1:1:1:1:1:1:1:1:1:1:1:1:1:1:1:1:1,1:1:1:1:1:1:1:1:1:1:1:1:1:1:1:1:1:1:1:1:1:1:1:1:1:1:1:1,B,23
AGGTAGGTCTGCAGCG-1,TCCAGTACCGGTAGCTCCTCCCG,1:1:1:1:1:1:1:1:1:1:1:1:1:1:1:1:1:1:1:1:1:1:1:1:1:1:1:1,1:1:1:1:1:1:1:1:1:1:1:1:1:1:1:1:1:1:1:1:1:1:1:1:1:1:1:1,B,23
CGGGACTTCACACCGG-1,TCCACTACTATCGTCTACTACCG,1:1:1:1:1:1:1:1:1:1:1:1:1:1:1:1:1:1:1:1:1:1:1:1:1:1:1:1,1:1:1:1:1:1:1:1:1:1:1:1:1:1:1:1:1:1:1:1:1:1:1:1:1:1:1:1,B,23
CTATCTACAATGTGGG-1,TCCAGTAGCTATCGTTACTACCG,1:1:1:1:1:1:1:1:1:1:1:1:1:1:1:1:1:1:1:1:1:1:1,1:1:1:1:1:1:1:1:1:1:1:1:1:1:1:1:1:1:1:1:1:1:1,B,23
CTGCCTACACATCATG-1,TCCAGTACCGGTAGCTACTACCG,1:1:1:1:1:1:1:1:1:1:1:1:1:1:1:1:1:1:1:1:1:1:1:1:1:1:1:1,1:1:1:1:1:1:1:1:1:1:1:1:1:1:1:1:1:1:1:1:1:1:1:1:1:1:1:1,B,23
TCCATCGCACAAACGG-1,TCCACTACTATCGTCTACTACCG,1:1:1:1:1:1:1:1:1:1:1:1:1:1:1:1:1:1:1:1:1:1:1:1:1:1:1:1,1:1:1:1:1:1:1:1:1:1:1:1:1:1:1:1:1:1:1:1:1:1:1:1:1:1:1:1,B,23
TTCCTCTTCACTCCGT-1,TCCAGTAGCTATCGTTACTACCG,1:1:1:1:1:1:1:1:1:1:1:1:1:1:1:1:1:1:1:1:1:1:1:1:1:1:1:1,1:1:1:1:1:1:1:1:1:1:1:1:1:1:1:1:1:1:1:1:1:1:1:1:1:1:1:1,B,23
TGATGGTAGATGCTGG-1,TCCAGTACTATAGTTACTACCG,1:1:1:1:1:1:1:1:1:1:1:1:1:1:1:1:1:1:1:1:1:1:1,1:1:1:1:1:1:1:1:1:1:1:1:1:1:1:1:1:1:1:1:1:1:1,B,22
AGACAAACAAGTGTCT-1,TCCAGTCGTTACGCTACTACCG,1:1:1:1:1:1:1:1:1:1:1:1:1:1:1:1:1:1:1:1:1:1:1:1:1:1:1:1,1:1:1:1:1:1:1:1:1:1:1:1:1:1:1:1:1:1:1:1:1:1:1:1:1:1:1:1,B,22
CTCCTCCTCCTGCCAT-1,TCCAGTACTATCGTTACTACCG,1:1:1:1:1:1:1:1:1:1:1:1:1:1:1:1:1:1:1:1:1:1:1:1:1:1:1:1,1:1:1:1:1:1:1:1:1:1:1:1:1:1:1:1:1:1:1:1:1:1:1:1:1:1:1:1,B,22
CTACTATCAGCTATTG-1,GTTACGACGTAGCTACTACCG,1:1:1:1:1:1:1:1:1:1:1:1:1:1:1:1:1:1:1:1:1,1:1:1:1:1:1:1:1:1:1:1:1:1:1:1:1:1:1:1:1:1,R,21
ATCCATTTCGTCCTTG-1,TCCAGTCGTTACGACTACCG,1:1:1:1:1:1:1:1:1:1:1:1:1:1:1:1:1:1:1:1:1:1:1:1:1:1:1:1,1:1:1:1:1:1:1:1:1:1:1:1:1:1:1:1:1:1:1:1:1:1:1:1:1:1:1:1,B,20
CTATCTACAGAGGCAT-1,TCCACTATCGTCTACTACCG,1:1:1:1:1:1:1:1:1:1:1:1:1:1:1:1:1:1:1:1:1:1:1:1:1:1:1:1,1:1:1:1:1:1:1:1:1:1:1:1:1:1:1:1:1:1:1:1:1:1:1:1:1:1:1:1,B,20
TCTGTCGGTGCCCACA-1,TCCAGTCGTTACGACTACCG,1:1:1:1:1:1:1:1:1:1:1:1:1:1:1:1:1:1:1:1:1:1:1:1:1:1:1:1,1:1:1:1:1:1:1:1:1:1:1:1:1:1:1:1:1:1:1:1:1:1:1:1:1:1:1:1,B,20
ACCAAACCACGTAGTT-1,TCCACTATCGTTACGACCG,1:1:1:1:1:1:1:1:1:1:1:1:1:1:1:1:1:1:1:1:1:1:1:1:1:1:1:1,1:1:1:1:1:1:1:1:1:1:1:1:1:1:1:1:1:1:1:1:1:1:1:1:1:1:1:1,B,19
AACCATGTCAAGAGGC-1,TCCACTATCGTTACGACCG,2:2:2:2:2:2:2:2:2:2:2:2:2:2:2:2:2:2:2:2:2:2:2:2:2:2:2:2,1:1:1:1:1:1:1:1:1:1:1:1:1:1:1:1:1:1:1:1:1:1:1:1:1:1:1:1,B,19
ACAACCAAGATCACCT-1,TCCACTATCGTTACGACCG,1:1:1:1:1:1:1:1:1:1:1:1:1:1:1:1:1:1:1:1:1:1:1:1:1:1:1:1,1:1:1:1:1:1:1:1:1:1:1:1:1:1:1:1:1:1:1:1:1:1:1:1:1:1:1:1,B,19
GGGTATTCACTCATAG-1,TCCACTATCGTTACGACCG,1:1:1:1:1:1:1:1:1:1:1:1:1:1:1:1:1:1:1:1:1:1:1:1:1:1:1:1,1:1:1:1:1:1:1:1:1:1:1:1:1:1:1:1:1:1:1:1:1:1:1:1:1:1:1:1,B,19
TAGGGTTAGCTTTCCC-1,GTAGCTATCGTTACTACCG,1:1:1:1:1:1:1:1:1:1:1:1:1:1:1:1:1:1:1,1:1:1:1:1:1:1:1:1:1:1:1:1:1:1:1:1:1:1,R,19
TCGCACTTCGTTGCCT-1,TCCACTATCGTTACGACCG,1:1:1:1:1:1:1:1:1:1:1:1:1:1:1:1:1:1:1:1:1:1:1:1:1:1:1:1,1:1:1:1:1:1:1:1:1:1:1:1:1:1:1:1:1:1:1:1:1:1:1:1:1:1:1:1,B,19
TGCATGATCATTGCGA-1,TCCACTATCGTTACGACCG,1:1:1:1:1:1:1:1:1:1:1:1:1:1:1:1:1:1:1:1:1:1:1:1:1,1:1:1:1:1:1:1:1:1:1:1:1:1:1:1:1:1:1:1:1:1:1:1:1:1,B,19
TGGGATTTCTACCACC-1,TCCACTAACGTTACGACCG,1:1:1:1:1:1:1:1:1:1:1:1:1:1:1:1:1:1:1:1:1:1:1:1:1:1:1:1,1:1:1:1:1:1:1:1:1:1:1:1:1:1:1:1:1:1:1:1:1:1:1:1:1:1:1:1,B,19
TGTAGACTCGAGCCAC-1,TCCACGATCGTTACGACCG,1:1:1:1:1:1:1:1:1:1:1:1:1:1:1:1:1:1:1:1:1:1:1:1:1:1:1:1,1:1:1:1:1:1:1:1:1:1:1:1:1:1:1:1:1:1:1:1:1:1:1:1:1:1:1:1,B,19
TCCCAGTAGGTAAGGA-1,TTACGAGCTACTACCG,1:1:1:1:1:1:1:1:1:1:1:1:1:1:1:1,1:1:1:1:1:1:1:1:1:1:1:1:1:1:1:1,R,16
